INSERT INTO PUB_APPS (APP_CODE,APP_NAME,TRANSPORT,SERVER_HOST,PORT,CONTEXT,URI,SEQ,NOTE) VALUES ('-1',		'System Default',			'',			'',		'',	'',		'',	0,	'');
----------------------------功能权限开始--------------------------------------------------------
------模块--
INSERT INTO PUB_MODULES (MODULE_CODE,MODULE_NAME,PARENT_MODULE_CODE,IS_LEAF_MODULE,APP_CODE,MODULE_PATH,MODULE_PATH_NAME,SEQ) VALUES ('BSP00010','Organizations','-1','1','-1','BSP00010','Organizations',0);
INSERT INTO PUB_MODULES (MODULE_CODE,MODULE_NAME,PARENT_MODULE_CODE,IS_LEAF_MODULE,APP_CODE,MODULE_PATH,MODULE_PATH_NAME,SEQ) VALUES ('BSP00011','Security','-1','1','-1','BSP00011','Security',1);
INSERT INTO PUB_MODULES (MODULE_CODE,MODULE_NAME,PARENT_MODULE_CODE,IS_LEAF_MODULE,APP_CODE,MODULE_PATH,MODULE_PATH_NAME,SEQ) VALUES ('BSP00012','Other','-1','1','-1','BSP00012','Other',2);
INSERT INTO PUB_MODULES (MODULE_CODE,MODULE_NAME,PARENT_MODULE_CODE,IS_LEAF_MODULE,APP_CODE,MODULE_PATH,MODULE_PATH_NAME,SEQ) VALUES ('BSP00013','Settings','-1','1','-1','BSP00013','Settings',4);

-----功能---
INSERT INTO PUB_FUNCTIONS (FUNCTION_CODE,FUNCTION_NAME,MODULE_CODE,SEQ) VALUES ('BSP000100','Organization Types','BSP00010',0);
INSERT INTO PUB_FUNCTIONS (FUNCTION_CODE,FUNCTION_NAME,MODULE_CODE,SEQ) VALUES ('BSP000101','Organization Rules','BSP00010',1);
INSERT INTO PUB_FUNCTIONS (FUNCTION_CODE,FUNCTION_NAME,MODULE_CODE,SEQ) VALUES ('BSP000102','Organization Views','BSP00010',2);
INSERT INTO PUB_FUNCTIONS (FUNCTION_CODE,FUNCTION_NAME,MODULE_CODE,SEQ) VALUES ('BSP000110','Functions','BSP00011',0);
INSERT INTO PUB_FUNCTIONS (FUNCTION_CODE,FUNCTION_NAME,MODULE_CODE,SEQ) VALUES ('BSP000112','Roles','BSP00011',2);
INSERT INTO PUB_FUNCTIONS (FUNCTION_CODE,FUNCTION_NAME,MODULE_CODE,SEQ) VALUES ('BSP000113','Users','BSP00011',3);
INSERT INTO PUB_FUNCTIONS (FUNCTION_CODE,FUNCTION_NAME,MODULE_CODE,SEQ) VALUES ('BSP000114','Role Groups','BSP00011',4);
INSERT INTO PUB_FUNCTIONS (FUNCTION_CODE,FUNCTION_NAME,MODULE_CODE,SEQ) VALUES ('BSP000115','Global Policys','BSP00011',5);
INSERT INTO PUB_FUNCTIONS (FUNCTION_CODE,FUNCTION_NAME,MODULE_CODE,SEQ) VALUES('BSP000118','Online Users','BSP00011',8);
INSERT INTO PUB_FUNCTIONS (FUNCTION_CODE,FUNCTION_NAME,MODULE_CODE,SEQ) VALUES('BSP000119','Operation Logs','BSP00011',9);
INSERT INTO PUB_FUNCTIONS (FUNCTION_CODE,FUNCTION_NAME,MODULE_CODE,SEQ) VALUES ('BSP000120','Menu Categories','BSP00012',0);
INSERT INTO PUB_FUNCTIONS (FUNCTION_CODE,FUNCTION_NAME,MODULE_CODE,SEQ) VALUES ('BSP000121','Serial Numbers','BSP00012',1);
INSERT INTO PUB_FUNCTIONS (FUNCTION_CODE,FUNCTION_NAME,MODULE_CODE,SEQ) VALUES ('BSP000122','Work Calendars','BSP00012',1);
INSERT INTO PUB_FUNCTIONS (FUNCTION_CODE,FUNCTION_NAME,MODULE_CODE,SEQ) VALUES ('BSP000123','Dict','BSP00012',3);
INSERT INTO PUB_FUNCTIONS (FUNCTION_CODE,FUNCTION_NAME,MODULE_CODE,SEQ) VALUES ('BSP000130','Modify Possword','BSP00013',0);

DROP INDEX URL_CONTENT_INDEX ON PUB_URLS;

----组织视角管理功能----
INSERT INTO PUB_OPERATIONS (OPERATION_CODE,OPERATION_NAME,FUNCTION_CODE,OPERATION_TYPE_CODE,IS_DEFAULT,SEQ) VALUES ('BSP00010200','View Org Perspective','BSP000102','00','1',0);
INSERT INTO PUB_URLS (URL_CODE,URL_NAME,URL_CONTENT,OPERATION_CODE,FUNCTION_CODE,SEQ,ACCESS_TYPE) VALUES('BSP000102000','Query Org Perspective','service/bsp/organ','BSP00010200','BSP000102',0,'http');

----组织类型维护功能----
INSERT INTO PUB_OPERATIONS (OPERATION_CODE,OPERATION_NAME,FUNCTION_CODE,OPERATION_TYPE_CODE,IS_DEFAULT,SEQ) VALUES ('BSP00010000','View Org Type','BSP000100','00','1',0);
INSERT INTO PUB_URLS (URL_CODE,URL_NAME,URL_CONTENT,OPERATION_CODE,FUNCTION_CODE,SEQ,ACCESS_TYPE) VALUES('BSP000100000','Query Org Type','service/bsp/organType','BSP00010000','BSP000100',0,'http');

----组织机构规则维护功能----
INSERT INTO PUB_OPERATIONS (OPERATION_CODE,OPERATION_NAME,FUNCTION_CODE,OPERATION_TYPE_CODE,IS_DEFAULT,SEQ) VALUES ('BSP00010100','View Org Struc Rule','BSP000101','00','1',0);
INSERT INTO PUB_URLS (URL_CODE,URL_NAME,URL_CONTENT,OPERATION_CODE,FUNCTION_CODE,SEQ,ACCESS_TYPE) VALUES('BSP000101000','View Org Struc Rule','service/bsp/organtyperule','BSP00010100','BSP000101',1,'http');

--------功能管理-----
INSERT INTO PUB_OPERATIONS (OPERATION_CODE,OPERATION_NAME,FUNCTION_CODE,OPERATION_TYPE_CODE,IS_DEFAULT,SEQ) VALUES ('BSP00011000','View Function Tree','BSP000110','00','1',0);
INSERT INTO PUB_URLS (URL_CODE,URL_NAME,URL_CONTENT,OPERATION_CODE,FUNCTION_CODE,SEQ,ACCESS_TYPE) VALUES('BSP000110000','Present Function Tree','service/bsp/function','BSP00011000','BSP000110',0,'http');

-------角色管理----
INSERT INTO PUB_OPERATIONS (OPERATION_CODE,OPERATION_NAME,FUNCTION_CODE,OPERATION_TYPE_CODE,IS_DEFAULT,SEQ) VALUES ('BSP00011200','View Role Tree','BSP000112','00','1',0);
INSERT INTO PUB_URLS (URL_CODE,URL_NAME,URL_CONTENT,OPERATION_CODE,FUNCTION_CODE,SEQ,ACCESS_TYPE) VALUES('BSP000112000','Expend Role Tree','service/bsp/role','BSP00011200','BSP000112',1,'http');

-------用户管理----
INSERT INTO PUB_OPERATIONS (OPERATION_CODE,OPERATION_NAME,FUNCTION_CODE,OPERATION_TYPE_CODE,IS_DEFAULT,SEQ) VALUES ('BSP00011300','View User Tree','BSP000113','00','1',0);
INSERT INTO PUB_URLS (URL_CODE,URL_NAME,URL_CONTENT,OPERATION_CODE,FUNCTION_CODE,SEQ,ACCESS_TYPE) VALUES('BSP000113000','View User Tree','service/bsp/user','BSP00011300','BSP000113',0,'http');

-------角色模板/组管理----
INSERT INTO PUB_OPERATIONS (OPERATION_CODE,OPERATION_NAME,FUNCTION_CODE,OPERATION_TYPE_CODE,IS_DEFAULT,SEQ) VALUES ('BSP00011400','View Role Group','BSP000114','00','1',0);
INSERT INTO PUB_URLS (URL_CODE,URL_NAME,URL_CONTENT,OPERATION_CODE,FUNCTION_CODE,SEQ,ACCESS_TYPE) VALUES('BSP000114000','View Role Group','service/bsp/rolegroup','BSP00011400','BSP000114',1,'http');
-------策略管理----
INSERT INTO PUB_OPERATIONS (OPERATION_CODE,OPERATION_NAME,FUNCTION_CODE,OPERATION_TYPE_CODE,IS_DEFAULT,SEQ) VALUES ('BSP00011500','View Global Policy','BSP000115','00','1',0);
INSERT INTO PUB_URLS (URL_CODE,URL_NAME,URL_CONTENT,OPERATION_CODE,FUNCTION_CODE,SEQ,ACCESS_TYPE) VALUES('BSP000115000','View Global Policy','service/bsp/globalpolicy','BSP00011500','BSP000115',0,'http');

-------审计操作注册----
INSERT INTO PUB_OPERATIONS (OPERATION_CODE,OPERATION_NAME,FUNCTION_CODE,OPERATION_TYPE_CODE,IS_DEFAULT,SEQ) VALUES('BSP00011800','Online User','BSP000118','00','1',0);
INSERT INTO PUB_URLS (URL_CODE,URL_NAME,URL_CONTENT,OPERATION_CODE,FUNCTION_CODE,SEQ,ACCESS_TYPE) VALUES('BSP000118000','View Online User','service/bsp/audit/online','BSP00011800','BSP000118',0,'http');
INSERT INTO PUB_OPERATIONS (OPERATION_CODE,OPERATION_NAME,FUNCTION_CODE,OPERATION_TYPE_CODE,IS_DEFAULT,SEQ) VALUES('BSP00011900','Operation Log','BSP000119','00','1',0);
INSERT INTO PUB_URLS (URL_CODE,URL_NAME,URL_CONTENT,OPERATION_CODE,FUNCTION_CODE,SEQ,ACCESS_TYPE) VALUES('BSP000119000','View Operation Log','service/bsp/audit','BSP00011900','BSP000119',0,'http');

-------菜单类型管理----
INSERT INTO PUB_OPERATIONS (OPERATION_CODE,OPERATION_NAME,FUNCTION_CODE,OPERATION_TYPE_CODE,IS_DEFAULT,SEQ) VALUES ('BSP00012000','View Menu Type List','BSP000120','00','1',0);
INSERT INTO PUB_URLS (URL_CODE,URL_NAME,URL_CONTENT,OPERATION_CODE,FUNCTION_CODE,SEQ,ACCESS_TYPE) VALUES('BSP000120000','Show Menu Type','service/bsp/menu','BSP00012000','BSP000120',0,'http');

--------业务流水管理功能----
INSERT INTO PUB_OPERATIONS (OPERATION_CODE,OPERATION_NAME,FUNCTION_CODE,OPERATION_TYPE_CODE,IS_DEFAULT,SEQ) VALUES ('BSP0001210','View Business SN','BSP000121','00','1',0);
INSERT INTO PUB_URLS (URL_CODE,URL_NAME,URL_CONTENT,OPERATION_CODE,FUNCTION_CODE,SEQ,ACCESS_TYPE) VALUES('BSP00012100','Show Business SN','service/bsp/bizid','BSP0001210','BSP000121',0,'http');

--------工作日历管理功能----
INSERT INTO PUB_OPERATIONS (OPERATION_CODE,OPERATION_NAME,FUNCTION_CODE,OPERATION_TYPE_CODE,IS_DEFAULT,SEQ) VALUES ('BSP0001220','View Work Calendar','BSP000122','00','1',0);
INSERT INTO PUB_URLS (URL_CODE,URL_NAME,URL_CONTENT,OPERATION_CODE,FUNCTION_CODE,SEQ,ACCESS_TYPE) VALUES('BSP00012200','Show Work Calendar','service/bsp/workcalendar','BSP0001220','BSP000122',0,'http');

----字典管理----
INSERT INTO PUB_OPERATIONS (OPERATION_CODE,OPERATION_NAME,FUNCTION_CODE,OPERATION_TYPE_CODE,IS_DEFAULT,SEQ) VALUES ('BSP0001224','Dict Queries','BSP000123','00','1',0);
INSERT INTO PUB_URLS (URL_CODE,URL_NAME,URL_CONTENT,OPERATION_CODE,FUNCTION_CODE,SEQ,ACCESS_TYPE) VALUES('BSP000122400','Dict Queries','service/bsp/dict','BSP0001224','BSP000123',0,'http');

INSERT INTO PUB_OPERATIONS (OPERATION_CODE,OPERATION_NAME,FUNCTION_CODE,OPERATION_TYPE_CODE,IS_DEFAULT,SEQ) VALUES ('BSP0001300','Modify My Password','BSP000130','00','1',0);
INSERT INTO PUB_URLS (URL_CODE,URL_NAME,URL_CONTENT,OPERATION_CODE,FUNCTION_CODE,SEQ,ACCESS_TYPE) VALUES('BSP000130000','Modify My Password','service/bsp/userinfo','BSP0001300','BSP000130',1,'http');


----权限委托----
INSERT INTO PUB_FUNCTIONS (FUNCTION_CODE,FUNCTION_NAME,MODULE_CODE,SEQ) VALUES ('BSP000131','My Proxy','BSP00013',0);
INSERT INTO PUB_FUNCTIONS (FUNCTION_CODE,FUNCTION_NAME,MODULE_CODE,SEQ) VALUES ('BSP000132','Delegated Authority','BSP00013',0);
INSERT INTO PUB_OPERATIONS (OPERATION_CODE,OPERATION_NAME,FUNCTION_CODE,OPERATION_TYPE_CODE,IS_DEFAULT,SEQ) VALUES ('BSP0001310','My Proxy','BSP000131','00','1',0);
INSERT INTO PUB_URLS (URL_CODE,URL_NAME,URL_CONTENT,OPERATION_CODE,FUNCTION_CODE,SEQ,ACCESS_TYPE) VALUES('BSP000131000','My Proxy','service/bsp/proxypermissionlist','BSP0001310','BSP000131',1,'http');
INSERT INTO PUB_OPERATIONS (OPERATION_CODE,OPERATION_NAME,FUNCTION_CODE,OPERATION_TYPE_CODE,IS_DEFAULT,SEQ) VALUES ('BSP0001320','Delegated Authority','BSP000132','00','1',0);
INSERT INTO PUB_URLS (URL_CODE,URL_NAME,URL_CONTENT,OPERATION_CODE,FUNCTION_CODE,SEQ,ACCESS_TYPE) VALUES('BSP000132000','My Proxy','service/bsp/userproxylist','BSP0001320','BSP000132',1,'http');
----菜单项----
INSERT INTO PUB_MENU_ITEM(MENU_ID,MENU_NAME,MODULE_CODE,APP_CODE,IS_LEAF,ICON) VALUES('BSP00010','Organizations','BSP00010','-1','0','platform/img/organization.png');
INSERT INTO PUB_MENU_ITEM(MENU_ID,MENU_NAME,MODULE_CODE,APP_CODE,IS_LEAF,ICON) VALUES('BSP00011','Security','BSP00011','-1','0','platform/img/safety.png');
INSERT INTO PUB_MENU_ITEM(MENU_ID,MENU_NAME,MODULE_CODE,APP_CODE,IS_LEAF,ICON) VALUES('BSP00012','Other','BSP00012','-1','0','platform/img/other.png');
INSERT INTO PUB_MENU_ITEM(MENU_ID,MENU_NAME,MODULE_CODE,APP_CODE,IS_LEAF,ICON) VALUES('BSP00013','Settings','BSP00013','-1','0','platform/img/personal.png');
INSERT INTO PUB_MENU_ITEM(MENU_ID,MENU_NAME,REQUEST_ACTION,IS_LEAF,MODULE_CODE,FUNCTION_CODE,APP_CODE) VALUES('BSP000102','Organization Views','service/bsp/organ','1','BSP00010','BSP000102','-1');
INSERT INTO PUB_MENU_ITEM(MENU_ID,MENU_NAME,REQUEST_ACTION,IS_LEAF,MODULE_CODE,FUNCTION_CODE,APP_CODE) VALUES('BSP000101','Organization Rules','service/bsp/organtyperule','1','BSP00010','BSP000101','-1');
INSERT INTO PUB_MENU_ITEM(MENU_ID,MENU_NAME,REQUEST_ACTION,IS_LEAF,MODULE_CODE,FUNCTION_CODE,APP_CODE) VALUES('BSP000100','Organization Types','service/bsp/organType','1','BSP00010','BSP000100','-1');
INSERT INTO PUB_MENU_ITEM(MENU_ID,MENU_NAME,REQUEST_ACTION,IS_LEAF,MODULE_CODE,FUNCTION_CODE,APP_CODE) VALUES('BSP000110','Functions','service/bsp/function','1','BSP00011','BSP000110','-1');
INSERT INTO PUB_MENU_ITEM(MENU_ID,MENU_NAME,REQUEST_ACTION,IS_LEAF,MODULE_CODE,FUNCTION_CODE,APP_CODE) VALUES('BSP000112','Roles','service/bsp/role','1','BSP00011','BSP000112','-1');
INSERT INTO PUB_MENU_ITEM(MENU_ID,MENU_NAME,REQUEST_ACTION,IS_LEAF,MODULE_CODE,FUNCTION_CODE,APP_CODE) VALUES('BSP000113','Users','service/bsp/user','1','BSP00011','BSP000113','-1');
INSERT INTO PUB_MENU_ITEM(MENU_ID,MENU_NAME,REQUEST_ACTION,IS_LEAF,MODULE_CODE,FUNCTION_CODE,APP_CODE) VALUES('BSP000114','Role Groups','service/bsp/rolegroup','1','BSP00011','BSP000114','-1');
INSERT INTO PUB_MENU_ITEM(MENU_ID,MENU_NAME,REQUEST_ACTION,IS_LEAF,MODULE_CODE,FUNCTION_CODE,APP_CODE) VALUES('BSP000115','Global Policys','service/bsp/globalpolicy','1','BSP00011','BSP000115','-1');
INSERT INTO PUB_MENU_ITEM(MENU_ID,MENU_NAME,REQUEST_ACTION,IS_LEAF,MODULE_CODE,FUNCTION_CODE,APP_CODE) VALUES('BSP000120','Menu Categories','service/bsp/menu','1','BSP00012','BSP000120','-1');
INSERT INTO PUB_MENU_ITEM(MENU_ID,MENU_NAME,REQUEST_ACTION,IS_LEAF,MODULE_CODE,FUNCTION_CODE,APP_CODE) VALUES('BSP000121','Serial Numbers','service/bsp/bizid','1','BSP00012','BSP000121','-1');
INSERT INTO PUB_MENU_ITEM(MENU_ID,MENU_NAME,REQUEST_ACTION,IS_LEAF,MODULE_CODE,FUNCTION_CODE,APP_CODE) VALUES('BSP000122','Work Calendars','service/bsp/workcalendar','1','BSP00012','BSP000122','-1');
INSERT INTO PUB_MENU_ITEM(MENU_ID,MENU_NAME,REQUEST_ACTION,IS_LEAF,MODULE_CODE,FUNCTION_CODE,APP_CODE) VALUES('BSP000123','Dict','service/bsp/dict','1','BSP00012','BSP000123','-1');
INSERT INTO PUB_MENU_ITEM(MENU_ID,MENU_NAME,REQUEST_ACTION,IS_LEAF,MODULE_CODE,FUNCTION_CODE,APP_CODE) VALUES('BSP000130','Modify Password','service/bsp/userinfo','1','BSP00013','BSP000130','-1');
INSERT INTO PUB_MENU_ITEM(MENU_ID,MENU_NAME,REQUEST_ACTION,IS_LEAF,MODULE_CODE,FUNCTION_CODE,APP_CODE) VALUES('BSP000118','Users Audit',NULL,NULL,'BSP00011','','-1');
INSERT INTO PUB_MENU_ITEM(MENU_ID,MENU_NAME,REQUEST_ACTION,IS_LEAF,MODULE_CODE,FUNCTION_CODE,APP_CODE) VALUES('BSP0001180','Online Users','service/bsp/audit/online','1','BSP00011','BSP000118','-1');
INSERT INTO PUB_MENU_ITEM(MENU_ID,MENU_NAME,REQUEST_ACTION,IS_LEAF,MODULE_CODE,FUNCTION_CODE,APP_CODE) VALUES('BSP0001181','Operation Logs','service/bsp/audit','1','BSP00011','BSP000119','-1');


INSERT INTO PUB_MENU_ITEM(MENU_ID,MENU_NAME,REQUEST_ACTION,IS_LEAF,MODULE_CODE,FUNCTION_CODE,APP_CODE) VALUES('BSP000131','My Proxy','service/bsp/proxypermissionlist','1','BSP00013','BSP000131','-1');
INSERT INTO PUB_MENU_ITEM(MENU_ID,MENU_NAME,REQUEST_ACTION,IS_LEAF,MODULE_CODE,FUNCTION_CODE,APP_CODE) VALUES('BSP000132','Delegated Authority','service/bsp/userproxylist','1','BSP00013','BSP000132','-1');
----菜单结构
INSERT INTO PUB_MENU_STRU(MENU_STRU_ID,MENU_TYPE_ID,MENU_ID,PARENT_MENU_ID,SEQ,MENU_PATH,PATH_NAME) VALUES ('BSP00000000000000000000000001','1','BSP00010','BSP00010',0,'BSP00010','Organizations');
INSERT INTO PUB_MENU_STRU(MENU_STRU_ID,MENU_TYPE_ID,MENU_ID,PARENT_MENU_ID,SEQ,MENU_PATH,PATH_NAME) VALUES ('BSPSTRU00000000000000000000010','1','BSP000100','BSP00010',0,'BSP00010#BSP000100','Organizations#Organization Types');
INSERT INTO PUB_MENU_STRU(MENU_STRU_ID,MENU_TYPE_ID,MENU_ID,PARENT_MENU_ID,SEQ,MENU_PATH,PATH_NAME) VALUES ('BSPSTRU00000000000000000000011','1','BSP000102','BSP00010',1,'BSP00010#BSP000102','Organizations#Organization Views');
INSERT INTO PUB_MENU_STRU(MENU_STRU_ID,MENU_TYPE_ID,MENU_ID,PARENT_MENU_ID,SEQ,MENU_PATH,PATH_NAME) VALUES ('BSPSTRU00000000000000000000012','1','BSP000101','BSP00010',2,'BSP00010#BSP000101','Organizations#Organization Rules');
INSERT INTO PUB_MENU_STRU(MENU_STRU_ID,MENU_TYPE_ID,MENU_ID,PARENT_MENU_ID,SEQ,MENU_PATH,PATH_NAME) VALUES ('BSP00000000000000000000000002','1','BSP00011','BSP00011',1,'BSP00011','Security');
INSERT INTO PUB_MENU_STRU(MENU_STRU_ID,MENU_TYPE_ID,MENU_ID,PARENT_MENU_ID,SEQ,MENU_PATH,PATH_NAME) VALUES ('BSP000000000000000000000000020','1','BSP000110','BSP00011',0,'BSP00011#BSP000110','Security#Functions');
INSERT INTO PUB_MENU_STRU(MENU_STRU_ID,MENU_TYPE_ID,MENU_ID,PARENT_MENU_ID,SEQ,MENU_PATH,PATH_NAME) VALUES ('BSP000000000000000000000000021','1','BSP000112','BSP00011',2,'BSP00011#BSP000112','Security#Roles');
INSERT INTO PUB_MENU_STRU(MENU_STRU_ID,MENU_TYPE_ID,MENU_ID,PARENT_MENU_ID,SEQ,MENU_PATH,PATH_NAME) VALUES ('BSP000000000000000000000000022','1','BSP000113','BSP00011',3,'BSP00011#BSP000113','Security#Users');
INSERT INTO PUB_MENU_STRU(MENU_STRU_ID,MENU_TYPE_ID,MENU_ID,PARENT_MENU_ID,SEQ,MENU_PATH,PATH_NAME) VALUES ('BSP000000000000000000000000023','1','BSP000114','BSP00011',4,'BSP00011#BSP000114','Security#Role Groups');

INSERT INTO PUB_MENU_STRU(MENU_STRU_ID,MENU_TYPE_ID,MENU_ID,PARENT_MENU_ID,SEQ,MENU_PATH,PATH_NAME) VALUES ('BSP000000000000000000000000025','1','BSP000115','BSP00011',5,'BSP00011#BSP000130','Security#Global Policys');
INSERT INTO PUB_MENU_STRU(MENU_STRU_ID,MENU_TYPE_ID,MENU_ID,PARENT_MENU_ID,SEQ,MENU_PATH,PATH_NAME) VALUES ('BSP00000000000000000000000003','1','BSP00012','BSP00012',2,'BSP00012','Other');
INSERT INTO PUB_MENU_STRU(MENU_STRU_ID,MENU_TYPE_ID,MENU_ID,PARENT_MENU_ID,SEQ,MENU_PATH,PATH_NAME) VALUES ('BSP000000000000000000000000030','1','BSP000120','BSP00012',0,'BSP00012#BSP000120','Other#Menu Categories');
INSERT INTO PUB_MENU_STRU(MENU_STRU_ID,MENU_TYPE_ID,MENU_ID,PARENT_MENU_ID,SEQ,MENU_PATH,PATH_NAME) VALUES ('BSPID0000000000000000000000031','1','BSP000121','BSP00012',1,'BSP00012#BSP000121','Other#Serial Numbers');
INSERT INTO PUB_MENU_STRU(MENU_STRU_ID,MENU_TYPE_ID,MENU_ID,PARENT_MENU_ID,SEQ,MENU_PATH,PATH_NAME) VALUES ('BSPID0000000000000000000000032','1','BSP000122','BSP00012',2,'BSP00012#BSP000122','Other#Work Calendars');
INSERT INTO PUB_MENU_STRU(MENU_STRU_ID,MENU_TYPE_ID,MENU_ID,PARENT_MENU_ID,SEQ,MENU_PATH,PATH_NAME) VALUES ('BSPID0000000000000000000000033','1','BSP000123','BSP00012',3,'BSP00012#BSP000123','Other#Dict');
INSERT INTO PUB_MENU_STRU(MENU_STRU_ID,MENU_TYPE_ID,MENU_ID,PARENT_MENU_ID,SEQ,MENU_PATH,PATH_NAME) VALUES ('BSP00000000000000000000000004','1','BSP00013','BSP00013',4,'BSP00013','Setting');
INSERT INTO PUB_MENU_STRU(MENU_STRU_ID,MENU_TYPE_ID,MENU_ID,PARENT_MENU_ID,SEQ,MENU_PATH,PATH_NAME) VALUES ('BSP000000000000000000000000040','1','BSP000130','BSP00013',0,'BSP00013#BSP000130','Settings#Modify Password');
INSERT INTO PUB_MENU_STRU(MENU_STRU_ID,MENU_TYPE_ID,MENU_ID,PARENT_MENU_ID,SEQ,MENU_PATH,PATH_NAME) VALUES ('BSP000000000000000000000047','1','BSP000118','BSP00011',8,'BSP00011#BSP000118','Security#Users Audit');
INSERT INTO PUB_MENU_STRU(MENU_STRU_ID,MENU_TYPE_ID,MENU_ID,PARENT_MENU_ID,SEQ,MENU_PATH,PATH_NAME) VALUES ('BSP0000000000000000000000470','1','BSP0001180','BSP000118',0,'BSP00011#BSP000118#BSP0001180','Security#Users Audit#Online Users');
INSERT INTO PUB_MENU_STRU(MENU_STRU_ID,MENU_TYPE_ID,MENU_ID,PARENT_MENU_ID,SEQ,MENU_PATH,PATH_NAME) VALUES ('BSP0000000000000000000000471','1','BSP0001181','BSP000118',1,'BSP00011#BSP000118#BSP0001181','Security#Users Audit#Operation Logs');
INSERT INTO PUB_MENU_STRU(MENU_STRU_ID,MENU_TYPE_ID,MENU_ID,PARENT_MENU_ID,SEQ,MENU_PATH,PATH_NAME) VALUES ('BSP000000000000000000000000041','1','BSP000131','BSP00013',0,'BSP00013#BSP000131','Settings#My Proxy');
INSERT INTO PUB_MENU_STRU(MENU_STRU_ID,MENU_TYPE_ID,MENU_ID,PARENT_MENU_ID,SEQ,MENU_PATH,PATH_NAME) VALUES ('BSP000000000000000000000000042','1','BSP000132','BSP00013',0,'BSP00013#BSP000132','Settings#Delegated Authority');

----权限初始化
INSERT INTO PUB_ROLE_OPERATION SELECT 'SUPERADMIN',OPERATION_CODE FROM PUB_OPERATIONS ;
